customer_id,recency,frequency,monetary,R_score,F_score,M_score,RFM_score,Total_score,segment
CUST0001,123,3,4451.7,4,2,2,422,8,Recent Customers
CUST0002,881,1,629.1,1,1,1,111,3,Lost Customers
CUST0003,114,5,44951.1,5,4,4,544,13,Champions
CUST0004,95,5,15172.2,5,4,3,543,12,Potential Loyalists
CUST0005,487,2,3197.1,1,1,1,111,3,Lost Customers
CUST0006,135,1,1579.5,4,1,1,411,6,Recent Customers
CUST0007,700,2,612.3,1,1,1,111,3,Lost Customers
CUST0008,194,2,29740.0,3,1,4,314,8,Needs Attention
CUST0009,95,5,22244.7,5,4,4,544,13,Champions
CUST0010,846,2,7165.85,1,1,2,112,4,Lost Customers
CUST0011,136,3,7011.9,4,2,2,422,8,Recent Customers
CUST0012,561,1,199.0,1,1,1,111,3,Lost Customers
CUST0013,158,11,165076.75,4,5,5,455,14,Champions
CUST0014,204,3,24867.1,3,2,4,324,9,Promising
CUST0015,115,3,3278.95,5,2,1,521,8,Recent Customers
CUST0016,523,2,10294.0,1,1,3,113,5,Needs Attention
CUST0017,85,5,51431.75,5,4,5,545,14,Champions
CUST0018,350,2,6780.15,2,1,2,212,5,Lost Customers
CUST0019,167,5,91153.2,4,4,5,445,13,Champions
CUST0020,132,3,7614.8,4,2,2,422,8,Recent Customers
CUST0021,142,3,92168.05,4,2,5,425,11,Recent Customers
CUST0022,112,6,114061.25,5,5,5,555,15,Champions
CUST0023,179,5,16642.5,3,4,3,343,10,Potential Loyalists
CUST0024,105,1,628.2,5,1,1,511,7,Recent Customers
CUST0025,83,4,20816.6,5,3,4,534,12,Loyal Customers
CUST0026,100,6,6990.75,5,5,2,552,12,Potential Loyalists
CUST0027,118,4,95237.3,4,3,5,435,12,Loyal Customers
CUST0028,193,3,40997.8,3,2,4,324,9,Promising
CUST0029,521,3,4291.2,1,2,2,122,5,Lost Customers
CUST0030,191,2,8662.35,3,1,2,312,6,New Customers
CUST0031,90,3,18804.2,5,2,3,523,10,Recent Customers
CUST0032,128,5,70475.95,4,4,5,445,13,Champions
CUST0033,316,2,4316.4,2,1,2,212,5,Lost Customers
CUST0034,116,3,120841.0,5,2,5,525,12,Recent Customers
CUST0035,159,3,42362.5,4,2,4,424,10,Recent Customers
CUST0036,124,2,3074.0,4,1,1,411,6,Recent Customers
CUST0038,149,5,7833.35,4,4,2,442,10,Potential Loyalists
CUST0039,416,3,21677.1,2,2,4,224,8,Needs Attention
CUST0040,780,3,6743.1,1,2,2,122,5,Lost Customers
CUST0041,525,5,147528.25,1,4,5,145,10,At Risk
CUST0042,224,6,11765.15,3,5,3,353,11,Potential Loyalists
CUST0043,113,4,98440.35,5,3,5,535,13,Loyal Customers
CUST0044,741,1,3822.0,1,1,1,111,3,Lost Customers
CUST0045,107,3,7587.35,5,2,2,522,9,Recent Customers
CUST0046,131,4,9403.35,4,3,3,433,10,Potential Loyalists
CUST0047,141,7,64512.3,4,5,5,455,14,Champions
CUST0048,498,2,40044.4,1,1,4,114,6,Needs Attention
CUST0049,600,1,6455.25,1,1,2,112,4,Lost Customers
CUST0050,91,4,50454.2,5,3,5,535,13,Loyal Customers
CUST0051,285,2,13227.3,3,1,3,313,7,Needs Attention
CUST0052,424,4,17256.15,2,3,3,233,8,At Risk
CUST0053,160,5,6854.6,4,4,2,442,10,Potential Loyalists
CUST0054,192,3,50629.3,3,2,5,325,10,Promising
CUST0055,128,8,80838.35,4,5,5,455,14,Champions
CUST0056,106,5,53566.35,5,4,5,545,14,Champions
CUST0057,425,4,5494.1,2,3,2,232,7,Needs Attention
CUST0058,98,4,74277.1,5,3,5,535,13,Loyal Customers
CUST0059,176,3,4519.65,3,2,2,322,7,New Customers
CUST0060,278,7,106636.5,3,5,5,355,13,Loyal Customers
CUST0061,99,3,5797.85,5,2,2,522,9,Recent Customers
CUST0062,279,1,899.0,3,1,1,311,5,New Customers
CUST0063,175,3,32895.6,3,2,4,324,9,Promising
CUST0064,129,6,32672.3,4,5,4,454,13,Champions
CUST0065,523,5,8643.05,1,4,2,142,7,Needs Attention
CUST0066,181,1,2341.75,3,1,1,311,5,New Customers
CUST0067,451,4,4391.2,2,3,2,232,7,Needs Attention
CUST0068,209,4,8059.1,3,3,2,332,8,Potential Loyalists
CUST0069,468,2,8009.55,2,1,2,212,5,Lost Customers
CUST0070,123,3,96594.4,4,2,5,425,11,Recent Customers
CUST0071,121,2,3281.1,4,1,1,411,6,Recent Customers
CUST0072,417,2,4066.7,2,1,1,211,4,Lost Customers
CUST0073,195,2,48579.2,3,1,5,315,9,Promising
CUST0074,157,4,59833.2,4,3,5,435,12,Loyal Customers
CUST0075,224,6,28988.3,3,5,4,354,12,Loyal Customers
CUST0077,135,7,22663.45,4,5,4,454,13,Champions
CUST0078,165,3,58978.35,4,2,5,425,11,Recent Customers
CUST0079,82,4,5401.1,5,3,2,532,10,Potential Loyalists
CUST0080,593,1,2298.0,1,1,1,111,3,Lost Customers
CUST0081,844,2,3846.0,1,1,1,111,3,Lost Customers
CUST0082,0,5,50404.25,5,4,5,545,14,Champions
CUST0083,498,3,22164.3,1,2,4,124,7,Needs Attention
CUST0084,113,2,3068.05,5,1,1,511,7,Recent Customers
CUST0086,107,5,7211.65,5,4,2,542,11,Potential Loyalists
CUST0087,129,2,16806.15,4,1,3,413,8,Recent Customers
CUST0088,236,5,16723.55,3,4,3,343,10,Potential Loyalists
CUST0089,136,4,4290.3,4,3,2,432,9,Potential Loyalists
CUST0090,698,2,13998.0,1,1,3,113,5,Needs Attention
CUST0091,518,2,6085.45,1,1,2,112,4,Lost Customers
CUST0092,93,3,68401.35,5,2,5,525,12,Recent Customers
CUST0094,449,5,7300.05,2,4,2,242,8,Needs Attention
CUST0095,257,3,10018.4,3,2,3,323,8,Needs Attention
CUST0096,469,2,1491.0,2,1,1,211,4,Lost Customers
CUST0097,926,1,6295.0,1,1,2,112,4,Lost Customers
CUST0098,279,1,179.0,3,1,1,311,5,New Customers
CUST0099,447,2,16439.3,2,1,3,213,6,Needs Attention
CUST0100,382,1,15796.0,2,1,3,213,6,Needs Attention
CUST0101,528,1,2513.7,1,1,1,111,3,Lost Customers
CUST0102,546,1,699.0,1,1,1,111,3,Lost Customers
CUST0103,189,4,4828.1,3,3,2,332,8,Potential Loyalists
CUST0104,98,4,45832.6,5,3,4,534,12,Loyal Customers
CUST0105,173,2,18568.8,3,1,3,313,7,Needs Attention
CUST0106,143,4,11185.35,4,3,3,433,10,Potential Loyalists
CUST0107,112,3,48563.85,5,2,5,525,12,Recent Customers
CUST0108,229,2,9131.6,3,1,3,313,7,Needs Attention
CUST0109,121,4,55381.5,4,3,5,435,12,Loyal Customers
CUST0110,319,2,7375.15,2,1,2,212,5,Lost Customers
CUST0111,99,3,8636.0,5,2,2,522,9,Recent Customers
CUST0112,93,6,33087.55,5,5,4,554,14,Champions
CUST0113,278,4,18752.35,3,3,3,333,9,Potential Loyalists
CUST0114,211,3,19124.2,3,2,3,323,8,Needs Attention
CUST0115,330,1,1899.05,2,1,1,211,4,Lost Customers
CUST0116,112,3,23645.25,5,2,4,524,11,Recent Customers
CUST0117,449,6,185436.8,2,5,5,255,12,At Risk
CUST0118,134,5,27511.1,4,4,4,444,12,Champions
CUST0119,670,1,3321.2,1,1,1,111,3,Lost Customers
CUST0120,498,1,1706.4,1,1,1,111,3,Lost Customers
CUST0121,101,2,5235.4,5,1,2,512,8,Recent Customers
CUST0122,115,3,9126.45,5,2,3,523,10,Recent Customers
CUST0123,187,6,57448.1,3,5,5,355,13,Loyal Customers
CUST0124,348,3,16313.95,2,2,3,223,7,Needs Attention
CUST0125,164,5,12510.1,4,4,3,443,11,Potential Loyalists
CUST0126,636,3,4944.0,1,2,2,122,5,Lost Customers
CUST0127,337,3,4954.2,2,2,2,222,6,Lost Customers
CUST0128,182,5,31541.3,3,4,4,344,11,Loyal Customers
CUST0129,529,3,5063.4,1,2,2,122,5,Lost Customers
CUST0130,290,2,1766.55,3,1,1,311,5,New Customers
CUST0131,902,2,21562.15,1,1,4,114,6,Needs Attention
CUST0132,320,4,4071.8,2,3,1,231,6,Needs Attention
CUST0133,156,2,2023.1,4,1,1,411,6,Recent Customers
CUST0134,233,2,3396.0,3,1,1,311,5,New Customers
CUST0136,133,4,50373.45,4,3,5,435,12,Loyal Customers
CUST0137,700,4,23679.05,1,3,4,134,8,At Risk
CUST0138,304,7,56197.2,3,5,5,355,13,Loyal Customers
CUST0139,515,4,44247.4,1,3,4,134,8,At Risk
CUST0140,0,5,14060.3,5,4,3,543,12,Potential Loyalists
CUST0141,485,3,156129.05,1,2,5,125,8,Needs Attention
CUST0142,136,2,42190.45,4,1,4,414,9,Recent Customers
CUST0143,124,7,39766.0,4,5,4,454,13,Champions
CUST0144,159,6,40733.5,4,5,4,454,13,Champions
CUST0145,696,3,3891.1,1,2,1,121,4,Lost Customers
CUST0146,452,4,5876.4,2,3,2,232,7,Needs Attention
CUST0148,101,4,12905.7,5,3,3,533,11,Potential Loyalists
CUST0149,214,5,40607.45,3,4,4,344,11,Loyal Customers
CUST0150,210,5,11490.0,3,4,3,343,10,Potential Loyalists
CUST0151,500,4,12385.05,1,3,3,133,7,At Risk
CUST0152,363,3,11601.4,2,2,3,223,7,Needs Attention
CUST0153,130,5,25955.0,4,4,4,444,12,Champions
CUST0154,460,5,10012.2,2,4,3,243,9,At Risk
CUST0155,104,4,24782.35,5,3,4,534,12,Loyal Customers
CUST0156,156,4,8228.65,4,3,2,432,9,Potential Loyalists
CUST0157,194,3,9012.1,3,2,3,323,8,Needs Attention
CUST0158,84,5,15750.6,5,4,3,543,12,Potential Loyalists
CUST0159,310,3,2943.45,2,2,1,221,5,Lost Customers
CUST0160,785,3,43647.05,1,2,4,124,7,Needs Attention
CUST0161,118,3,4738.75,4,2,2,422,8,Recent Customers
CUST0163,464,3,4845.8,2,2,2,222,6,Lost Customers
CUST0164,250,2,49321.35,3,1,5,315,9,Promising
CUST0165,91,4,13154.3,5,3,3,533,11,Potential Loyalists
CUST0166,90,7,20485.9,5,5,4,554,14,Champions
CUST0167,186,2,2468.1,3,1,1,311,5,New Customers
CUST0168,181,3,13330.25,3,2,3,323,8,Needs Attention
CUST0169,386,2,1101.35,2,1,1,211,4,Lost Customers
CUST0170,89,4,8806.5,5,3,3,533,11,Potential Loyalists
CUST0171,337,5,12294.4,2,4,3,243,9,At Risk
CUST0172,507,3,82855.65,1,2,5,125,8,Needs Attention
CUST0173,119,4,14124.6,4,3,3,433,10,Potential Loyalists
CUST0174,214,2,2198.0,3,1,1,311,5,New Customers
CUST0175,217,7,59451.8,3,5,5,355,13,Loyal Customers
CUST0176,142,2,12417.3,4,1,3,413,8,Recent Customers
CUST0177,208,4,49364.35,3,3,5,335,11,Loyal Customers
CUST0178,582,1,5551.8,1,1,2,112,4,Lost Customers
CUST0179,843,2,3417.5,1,1,1,111,3,Lost Customers
CUST0180,272,3,43754.4,3,2,4,324,9,Promising
CUST0181,81,3,6347.15,5,2,2,522,9,Recent Customers
CUST0182,569,4,5397.55,1,3,2,132,6,Needs Attention
CUST0183,620,1,4271.2,1,1,2,112,4,Lost Customers
CUST0184,456,2,3209.7,2,1,1,211,4,Lost Customers
CUST0185,90,9,74753.0,5,5,5,555,15,Champions
CUST0186,104,4,11422.6,5,3,3,533,11,Potential Loyalists
CUST0187,655,2,55834.2,1,1,5,115,7,Needs Attention
CUST0188,501,2,3196.1,1,1,1,111,3,Lost Customers
CUST0189,955,1,2859.3,1,1,1,111,3,Lost Customers
CUST0190,497,2,31996.1,1,1,4,114,6,Needs Attention
CUST0191,224,4,4147.05,3,3,2,332,8,Potential Loyalists
CUST0192,99,4,14414.8,5,3,3,533,11,Potential Loyalists
CUST0193,86,2,2847.15,5,1,1,511,7,Recent Customers
CUST0194,98,5,5663.0,5,4,2,542,11,Potential Loyalists
CUST0195,93,2,11768.25,5,1,3,513,9,Recent Customers
CUST0196,176,4,21261.05,3,3,4,334,10,Loyal Customers
CUST0197,82,4,24122.7,5,3,4,534,12,Loyal Customers
CUST0198,549,2,3298.1,1,1,1,111,3,Lost Customers
CUST0199,97,5,53482.65,5,4,5,545,14,Champions
CUST0200,482,2,3797.0,1,1,1,111,3,Lost Customers
CUST0201,402,1,1424.05,2,1,1,211,4,Lost Customers
CUST0202,267,4,25041.1,3,3,4,334,10,Loyal Customers
CUST0203,284,4,6416.25,3,3,2,332,8,Potential Loyalists
CUST0204,111,2,10793.0,5,1,3,513,9,Recent Customers
CUST0205,81,3,3522.05,5,2,1,521,8,Recent Customers
CUST0207,388,2,594.25,2,1,1,211,4,Lost Customers
CUST0208,89,2,2897.55,5,1,1,511,7,Recent Customers
CUST0209,1095,1,2999.0,1,1,1,111,3,Lost Customers
CUST0210,540,1,1169.1,1,1,1,111,3,Lost Customers
CUST0211,370,3,6134.1,2,2,2,222,6,Lost Customers
CUST0212,342,3,9464.1,2,2,3,223,7,Needs Attention
CUST0213,402,3,2781.75,2,2,1,221,5,Lost Customers
CUST0214,549,1,16797.0,1,1,3,113,5,Needs Attention
CUST0215,125,3,2123.3,4,2,1,421,7,Recent Customers
CUST0216,103,5,8154.2,5,4,2,542,11,Potential Loyalists
CUST0217,465,2,8040.85,2,1,2,212,5,Lost Customers
CUST0218,324,5,2570.0,2,4,1,241,7,Needs Attention
CUST0219,184,3,10747.7,3,2,3,323,8,Needs Attention
CUST0220,92,6,26147.05,5,5,4,554,14,Champions
CUST0221,296,2,1361.35,3,1,1,311,5,New Customers
CUST0222,195,5,54443.85,3,4,5,345,12,Loyal Customers
CUST0223,648,1,2998.0,1,1,1,111,3,Lost Customers
CUST0224,665,2,138196.0,1,1,5,115,7,Needs Attention
CUST0225,204,8,116055.45,3,5,5,355,13,Loyal Customers
CUST0226,151,6,56259.9,4,5,5,455,14,Champions
CUST0227,482,4,269466.7,1,3,5,135,9,At Risk
CUST0229,161,2,3872.1,4,1,1,411,6,Recent Customers
CUST0230,489,1,999.0,1,1,1,111,3,Lost Customers
CUST0231,118,7,18661.4,4,5,3,453,12,Potential Loyalists
CUST0232,495,3,1579.65,1,2,1,121,4,Lost Customers
CUST0233,116,3,53638.55,5,2,5,525,12,Recent Customers
CUST0234,453,3,27405.35,2,2,4,224,8,Needs Attention
CUST0235,536,1,539.1,1,1,1,111,3,Lost Customers
CUST0236,147,9,64982.8,4,5,5,455,14,Champions
CUST0237,447,3,33025.0,2,2,4,224,8,Needs Attention
CUST0238,111,3,72189.15,5,2,5,525,12,Recent Customers
CUST0239,213,3,11033.15,3,2,3,323,8,Needs Attention
CUST0240,861,1,2996.0,1,1,1,111,3,Lost Customers
CUST0241,243,1,1798.0,3,1,1,311,5,New Customers
CUST0242,82,7,17715.05,5,5,3,553,13,Potential Loyalists
CUST0243,118,7,38072.95,4,5,4,454,13,Champions
CUST0244,383,3,62961.15,2,2,5,225,9,Promising
CUST0245,134,6,96682.5,4,5,5,455,14,Champions
CUST0247,452,3,38346.1,2,2,4,224,8,Needs Attention
CUST0249,348,6,10538.2,2,5,3,253,10,At Risk
CUST0250,238,3,33897.05,3,2,4,324,9,Promising
CUST0251,131,5,48186.1,4,4,5,445,13,Champions
CUST0252,515,2,488.35,1,1,1,111,3,Lost Customers
CUST0253,344,3,10193.0,2,2,3,223,7,Needs Attention
CUST0254,151,5,16955.55,4,4,3,443,11,Potential Loyalists
CUST0255,134,3,16346.1,4,2,3,423,9,Recent Customers
CUST0256,645,2,35443.3,1,1,4,114,6,Needs Attention
CUST0257,163,1,664.05,4,1,1,411,6,Recent Customers
CUST0258,116,4,7467.75,5,3,2,532,10,Potential Loyalists
CUST0259,531,1,599.0,1,1,1,111,3,Lost Customers
CUST0260,461,5,18267.4,2,4,3,243,9,At Risk
CUST0261,149,6,66503.4,4,5,5,455,14,Champions
CUST0263,176,5,5680.1,3,4,2,342,9,Potential Loyalists
CUST0264,175,4,7698.6,3,3,2,332,8,Potential Loyalists
CUST0265,238,4,47415.85,3,3,5,335,11,Loyal Customers
CUST0266,492,3,3110.3,1,2,1,121,4,Lost Customers
CUST0267,104,5,156509.4,5,4,5,545,14,Champions
CUST0268,82,3,49079.2,5,2,5,525,12,Recent Customers
CUST0269,426,5,12321.45,2,4,3,243,9,At Risk
CUST0270,90,5,14031.0,5,4,3,543,12,Potential Loyalists
CUST0271,166,6,33186.9,4,5,4,454,13,Champions
CUST0272,309,2,7973.35,2,1,2,212,5,Lost Customers
CUST0273,112,4,17895.5,5,3,3,533,11,Potential Loyalists
CUST0274,98,5,4354.3,5,4,2,542,11,Potential Loyalists
CUST0275,143,5,12866.7,4,4,3,443,11,Potential Loyalists
CUST0276,374,1,5598.0,2,1,2,212,5,Lost Customers
CUST0277,568,2,6596.15,1,1,2,112,4,Lost Customers
CUST0278,226,4,9634.1,3,3,3,333,9,Potential Loyalists
CUST0279,88,5,44705.55,5,4,4,544,13,Champions
CUST0281,259,3,62464.1,3,2,5,325,10,Promising
CUST0282,168,5,21642.15,4,4,4,444,12,Champions
CUST0283,135,3,4365.1,4,2,2,422,8,Recent Customers
CUST0284,390,3,909.25,2,2,1,221,5,Lost Customers
CUST0285,405,2,2532.65,2,1,1,211,4,Lost Customers
CUST0286,94,10,31447.95,5,5,4,554,14,Champions
CUST0287,233,5,38682.75,3,4,4,344,11,Loyal Customers
CUST0288,210,4,21659.4,3,3,4,334,10,Loyal Customers
CUST0289,82,4,52013.9,5,3,5,535,13,Loyal Customers
CUST0290,156,4,24388.5,4,3,4,434,11,Loyal Customers
CUST0291,100,5,12004.1,5,4,3,543,12,Potential Loyalists
CUST0292,81,6,14443.0,5,5,3,553,13,Potential Loyalists
CUST0293,217,3,7182.4,3,2,2,322,7,New Customers
CUST0294,359,2,16598.0,2,1,3,213,6,Needs Attention
CUST0295,321,1,999.0,2,1,1,211,4,Lost Customers
CUST0296,357,4,6639.35,2,3,2,232,7,Needs Attention
CUST0297,92,2,3295.0,5,1,1,511,7,Recent Customers
CUST0298,827,2,18495.0,1,1,3,113,5,Needs Attention
CUST0299,456,6,13376.1,2,5,3,253,10,At Risk
CUST0300,127,4,2704.9,4,3,1,431,8,Potential Loyalists
CUST0301,239,5,51807.5,3,4,5,345,12,Loyal Customers
CUST0302,191,1,269.1,3,1,1,311,5,New Customers
CUST0303,495,4,4882.2,1,3,2,132,6,Needs Attention
CUST0304,268,3,18307.3,3,2,3,323,8,Needs Attention
CUST0305,149,6,15667.8,4,5,3,453,12,Potential Loyalists
CUST0306,341,4,6626.9,2,3,2,232,7,Needs Attention
CUST0307,346,3,17634.2,2,2,3,223,7,Needs Attention
CUST0308,320,2,15865.45,2,1,3,213,6,Needs Attention
CUST0309,248,5,28154.1,3,4,4,344,11,Loyal Customers
CUST0310,136,5,149947.55,4,4,5,445,13,Champions
CUST0311,260,2,7508.2,3,1,2,312,6,New Customers
CUST0312,94,3,5304.4,5,2,2,522,9,Recent Customers
CUST0313,198,4,88838.15,3,3,5,335,11,Loyal Customers
CUST0314,257,4,7239.1,3,3,2,332,8,Potential Loyalists
CUST0315,478,4,13081.05,2,3,3,233,8,At Risk
CUST0316,123,3,16099.35,4,2,3,423,9,Recent Customers
CUST0317,130,3,5315.2,4,2,2,422,8,Recent Customers
CUST0318,91,6,8678.55,5,5,2,552,12,Potential Loyalists
CUST0319,92,6,7968.3,5,5,2,552,12,Potential Loyalists
CUST0320,472,4,169259.1,2,3,5,235,10,At Risk
CUST0321,852,3,7247.0,1,2,2,122,5,Lost Customers
CUST0322,552,2,4841.2,1,1,2,112,4,Lost Customers
CUST0323,629,3,82036.4,1,2,5,125,8,Needs Attention
CUST0324,89,6,192640.8,5,5,5,555,15,Champions
CUST0325,84,9,91252.75,5,5,5,555,15,Champions
CUST0326,87,6,64179.25,5,5,5,555,15,Champions
CUST0327,252,6,37402.05,3,5,4,354,12,Loyal Customers
CUST0328,208,4,5726.5,3,3,2,332,8,Potential Loyalists
CUST0329,438,1,39522.45,2,1,4,214,7,Needs Attention
CUST0330,113,6,11777.85,5,5,3,553,13,Potential Loyalists
CUST0331,171,2,1450.4,3,1,1,311,5,New Customers
CUST0333,374,1,27409.95,2,1,4,214,7,Needs Attention
CUST0334,98,5,24976.2,5,4,4,544,13,Champions
CUST0335,130,3,1898.35,4,2,1,421,7,Recent Customers
CUST0336,163,4,10192.0,4,3,3,433,10,Potential Loyalists
CUST0337,465,3,3717.2,2,2,1,221,5,Lost Customers
CUST0338,184,3,29125.2,3,2,4,324,9,Promising
CUST0339,366,4,38689.5,2,3,4,234,9,At Risk
CUST0340,153,7,14881.85,4,5,3,453,12,Potential Loyalists
CUST0341,208,2,34290.15,3,1,4,314,8,Needs Attention
CUST0342,563,3,85372.5,1,2,5,125,8,Needs Attention
CUST0343,609,5,46279.5,1,4,4,144,9,At Risk
CUST0344,391,5,52507.5,2,4,5,245,11,At Risk
CUST0345,125,5,99045.0,4,4,5,445,13,Champions
CUST0346,121,2,3236.1,4,1,1,411,6,Recent Customers
CUST0347,255,5,11990.0,3,4,3,343,10,Potential Loyalists
CUST0348,305,2,21560.15,2,1,4,214,7,Needs Attention
CUST0349,425,3,7277.65,2,2,2,222,6,Lost Customers
CUST0350,84,6,63757.2,5,5,5,555,15,Champions
CUST0351,552,2,66207.4,1,1,5,115,7,Needs Attention
CUST0352,494,6,90775.15,1,5,5,155,11,At Risk
CUST0353,115,3,6760.35,5,2,2,522,9,Recent Customers
CUST0354,161,1,6396.0,4,1,2,412,7,Recent Customers
CUST0355,368,2,3696.95,2,1,1,211,4,Lost Customers
CUST0356,128,5,14873.65,4,4,3,443,11,Potential Loyalists
CUST0357,111,4,113074.2,5,3,5,535,13,Loyal Customers
CUST0358,209,3,33620.9,3,2,4,324,9,Promising
CUST0359,184,6,15821.6,3,5,3,353,11,Potential Loyalists
CUST0360,95,5,7582.75,5,4,2,542,11,Potential Loyalists
CUST0361,418,1,1438.2,2,1,1,211,4,Lost Customers
CUST0362,450,3,6237.6,2,2,2,222,6,Lost Customers
CUST0363,83,5,21177.05,5,4,4,544,13,Champions
CUST0364,92,7,47041.45,5,5,4,554,14,Champions
CUST0365,726,3,2582.65,1,2,1,121,4,Lost Customers
CUST0366,161,4,15391.05,4,3,3,433,10,Potential Loyalists
CUST0367,449,3,15947.05,2,2,3,223,7,Needs Attention
CUST0368,0,4,17162.0,5,3,3,533,11,Potential Loyalists
CUST0369,168,1,539.1,4,1,1,411,6,Recent Customers
CUST0370,477,4,4995.25,2,3,2,232,7,Needs Attention
CUST0371,135,5,163001.4,4,4,5,445,13,Champions
CUST0372,841,1,1873.0,1,1,1,111,3,Lost Customers
CUST0373,95,3,41289.1,5,2,4,524,11,Recent Customers
CUST0374,89,7,52098.1,5,5,5,555,15,Champions
CUST0375,470,1,37049.05,2,1,4,214,7,Needs Attention
CUST0377,273,3,19255.7,3,2,3,323,8,Needs Attention
CUST0378,329,3,9275.15,2,2,3,223,7,Needs Attention
CUST0379,616,4,25169.45,1,3,4,134,8,At Risk
CUST0380,91,2,43496.0,5,1,4,514,10,Recent Customers
CUST0381,266,2,18931.1,3,1,3,313,7,Needs Attention
CUST0382,379,4,45981.2,2,3,4,234,9,At Risk
CUST0383,392,4,17271.3,2,3,3,233,8,At Risk
CUST0384,102,5,31872.45,5,4,4,544,13,Champions
CUST0385,83,5,10893.15,5,4,3,543,12,Potential Loyalists
CUST0386,90,1,14398.4,5,1,3,513,9,Recent Customers
CUST0387,94,6,51795.55,5,5,5,555,15,Champions
CUST0388,704,1,899.0,1,1,1,111,3,Lost Customers
CUST0390,136,5,10658.35,4,4,3,443,11,Potential Loyalists
CUST0391,143,2,5154.25,4,1,2,412,7,Recent Customers
CUST0392,405,3,3846.0,2,2,1,221,5,Lost Customers
CUST0393,335,4,20628.25,2,3,4,234,9,At Risk
CUST0394,259,4,43143.3,3,3,4,334,10,Loyal Customers
CUST0395,287,4,145547.35,3,3,5,335,11,Loyal Customers
CUST0396,211,5,3551.95,3,4,1,341,8,Potential Loyalists
CUST0397,851,1,699.0,1,1,1,111,3,Lost Customers
CUST0398,116,6,54984.15,5,5,5,555,15,Champions
CUST0399,629,1,799.2,1,1,1,111,3,Lost Customers
CUST0400,601,2,4524.9,1,1,2,112,4,Lost Customers
CUST0401,122,8,97826.9,4,5,5,455,14,Champions
CUST0402,559,3,22321.3,1,2,4,124,7,Needs Attention
CUST0403,183,4,6014.95,3,3,2,332,8,Potential Loyalists
CUST0404,245,3,9092.0,3,2,3,323,8,Needs Attention
CUST0405,342,4,32644.35,2,3,4,234,9,At Risk
CUST0406,88,2,1258.2,5,1,1,511,7,Recent Customers
CUST0407,366,6,17484.3,2,5,3,253,10,At Risk
CUST0408,237,2,42395.0,3,1,4,314,8,Needs Attention
CUST0409,122,3,10483.5,4,2,3,423,9,Recent Customers
CUST0410,142,6,41436.25,4,5,4,454,13,Champions
CUST0411,125,4,56288.2,4,3,5,435,12,Loyal Customers
CUST0412,533,2,10868.95,1,1,3,113,5,Needs Attention
CUST0413,1065,2,49339.8,1,1,5,115,7,Needs Attention
CUST0414,194,5,12251.35,3,4,3,343,10,Potential Loyalists
CUST0415,134,2,25150.45,4,1,4,414,9,Recent Customers
CUST0416,424,1,538.2,2,1,1,211,4,Lost Customers
CUST0417,480,2,7744.1,2,1,2,212,5,Lost Customers
CUST0418,457,2,2233.15,2,1,1,211,4,Lost Customers
CUST0419,272,2,5196.0,3,1,2,312,6,New Customers
CUST0420,774,2,16306.25,1,1,3,113,5,Needs Attention
CUST0421,182,1,1234.05,3,1,1,311,5,New Customers
CUST0422,148,4,8756.6,4,3,2,432,9,Potential Loyalists
CUST0423,446,2,4836.6,2,1,2,212,5,Lost Customers
CUST0424,103,2,1604.9,5,1,1,511,7,Recent Customers
CUST0425,175,7,26988.4,3,5,4,354,12,Loyal Customers
CUST0426,118,4,91361.3,4,3,5,435,12,Loyal Customers
CUST0427,159,2,7914.75,4,1,2,412,7,Recent Customers
CUST0428,90,5,13053.15,5,4,3,543,12,Potential Loyalists
CUST0429,103,5,8939.5,5,4,3,543,12,Potential Loyalists
CUST0430,119,4,5586.7,4,3,2,432,9,Potential Loyalists
CUST0431,100,3,2696.0,5,2,1,521,8,Recent Customers
CUST0432,204,3,4378.55,3,2,2,322,7,New Customers
CUST0433,420,4,27900.45,2,3,4,234,9,At Risk
CUST0434,84,5,73135.05,5,4,5,545,14,Champions
CUST0435,130,6,31545.2,4,5,4,454,13,Champions
CUST0436,514,1,999.0,1,1,1,111,3,Lost Customers
CUST0437,421,5,11773.0,2,4,3,243,9,At Risk
CUST0438,194,4,41274.0,3,3,4,334,10,Loyal Customers
CUST0439,588,1,474.05,1,1,1,111,3,Lost Customers
CUST0440,148,3,11095.0,4,2,3,423,9,Recent Customers
CUST0441,203,1,359.1,3,1,1,311,5,New Customers
CUST0442,103,6,40526.15,5,5,4,554,14,Champions
CUST0443,120,3,46316.7,4,2,4,424,10,Recent Customers
CUST0444,222,6,15759.75,3,5,3,353,11,Potential Loyalists
CUST0445,97,6,15730.5,5,5,3,553,13,Potential Loyalists
CUST0446,538,2,13198.0,1,1,3,113,5,Needs Attention
CUST0447,106,3,3021.15,5,2,1,521,8,Recent Customers
CUST0448,86,3,7584.3,5,2,2,522,9,Recent Customers
CUST0449,252,6,47374.1,3,5,5,355,13,Loyal Customers
CUST0450,94,4,11521.5,5,3,3,533,11,Potential Loyalists
CUST0451,516,3,6588.0,1,3,2,132,6,Needs Attention
CUST0452,0,4,44399.1,5,3,4,534,12,Loyal Customers
CUST0453,515,2,1097.0,1,1,1,111,3,Lost Customers
CUST0454,203,2,80494.0,3,1,5,315,9,Promising
CUST0455,461,3,2264.2,2,3,1,231,6,Needs Attention
CUST0457,397,5,6800.0,2,4,2,242,8,Needs Attention
CUST0458,404,1,5998.0,2,1,2,212,5,Lost Customers
CUST0459,152,5,86687.2,4,4,5,445,13,Champions
CUST0460,257,1,1797.0,3,1,1,311,5,New Customers
CUST0461,90,5,10962.1,5,4,3,543,12,Potential Loyalists
CUST0462,502,5,3928.2,1,4,1,141,6,Needs Attention
CUST0463,185,4,19593.6,3,3,4,334,10,Loyal Customers
CUST0464,163,2,3398.0,4,1,1,411,6,Recent Customers
CUST0465,341,2,48696.0,2,1,5,215,8,Needs Attention
CUST0466,493,4,46460.4,1,3,4,134,8,At Risk
CUST0467,448,3,6351.95,2,3,2,232,7,Needs Attention
CUST0468,122,5,13103.55,4,4,3,443,11,Potential Loyalists
CUST0469,552,1,2799.0,1,1,1,111,3,Lost Customers
CUST0470,93,7,39474.2,5,5,4,554,14,Champions
CUST0471,301,4,33432.0,3,4,4,344,11,Loyal Customers
CUST0472,361,3,55325.7,2,3,5,235,10,At Risk
CUST0473,298,4,10278.35,3,4,3,343,10,Potential Loyalists
CUST0474,126,2,4152.05,4,1,2,412,7,Recent Customers
CUST0475,143,4,12462.1,4,4,3,443,11,Potential Loyalists
CUST0476,485,1,399.2,1,1,1,111,3,Lost Customers
CUST0477,392,2,2698.0,2,1,1,211,4,Lost Customers
CUST0478,257,5,24101.3,3,4,4,344,11,Loyal Customers
CUST0479,528,4,41898.1,1,4,4,144,9,At Risk
CUST0480,941,1,799.0,1,1,1,111,3,Lost Customers
CUST0481,307,5,54339.3,2,4,5,245,11,At Risk
CUST0482,495,5,34601.75,1,4,4,144,9,At Risk
CUST0483,172,2,6889.0,3,1,2,312,6,New Customers
CUST0484,99,2,5177.2,5,1,2,512,8,Recent Customers
CUST0485,141,3,1994.75,4,3,1,431,8,Potential Loyalists
CUST0486,478,9,23686.85,2,5,4,254,11,At Risk
CUST0487,306,2,4546.05,2,2,2,222,6,Lost Customers
CUST0488,142,4,14575.55,4,4,3,443,11,Potential Loyalists
CUST0489,167,7,12878.5,4,5,3,453,12,Potential Loyalists
CUST0490,130,6,11359.45,4,5,3,453,12,Potential Loyalists
CUST0491,510,3,9204.3,1,3,3,133,7,At Risk
CUST0492,0,6,20822.05,5,5,4,554,14,Champions
CUST0493,115,6,224322.65,5,5,5,555,15,Champions
CUST0495,574,3,43818.95,1,3,4,134,8,At Risk
CUST0496,100,5,9770.8,5,4,3,543,12,Potential Loyalists
CUST0497,686,3,5392.1,1,3,2,132,6,Needs Attention
CUST0498,267,8,21888.55,3,5,4,354,12,Loyal Customers
CUST0499,264,4,66132.35,3,4,5,345,12,Loyal Customers
CUST0500,125,4,13752.5,4,4,3,443,11,Potential Loyalists
CUST0501,326,8,39554.95,2,5,4,254,11,At Risk
CUST0502,120,3,22386.95,4,3,4,434,11,Loyal Customers
CUST0503,191,7,23222.8,3,5,4,354,12,Loyal Customers
CUST0504,196,3,2075.2,3,3,1,331,7,Potential Loyalists
CUST0505,1145,1,1123.2,1,1,1,111,3,Lost Customers
CUST0506,179,2,16383.0,3,2,3,323,8,Needs Attention
CUST0507,126,6,114633.75,4,5,5,455,14,Champions
CUST0508,150,3,45727.6,4,3,4,434,11,Loyal Customers
CUST0509,465,1,1443.3,2,1,1,211,4,Lost Customers
CUST0510,149,2,1387.05,4,2,1,421,7,Recent Customers
CUST0511,507,6,137423.15,1,5,5,155,11,At Risk
CUST0512,225,4,44608.15,3,4,4,344,11,Loyal Customers
CUST0513,343,4,63663.55,2,4,5,245,11,At Risk
CUST0514,682,5,29888.15,1,4,4,144,9,At Risk
CUST0515,948,1,263.15,1,1,1,111,3,Lost Customers
CUST0516,97,4,15702.2,5,4,3,543,12,Potential Loyalists
CUST0517,452,1,1999.0,2,1,1,211,4,Lost Customers
CUST0518,195,2,79740.5,3,2,5,325,10,Promising
CUST0519,102,7,15369.3,5,5,3,553,13,Potential Loyalists
CUST0520,211,3,4526.2,3,3,2,332,8,Potential Loyalists
CUST0521,155,3,7332.25,4,3,2,432,9,Potential Loyalists
CUST0522,339,6,29815.3,2,5,4,254,11,At Risk
CUST0523,173,3,6396.05,3,3,2,332,8,Potential Loyalists
CUST0524,114,5,9038.3,5,4,3,543,12,Potential Loyalists
CUST0525,450,2,2121.5,2,2,1,221,5,Lost Customers
CUST0526,89,2,2448.45,5,2,1,521,8,Recent Customers
CUST0527,301,4,119703.8,3,4,5,345,12,Loyal Customers
CUST0529,453,2,1897.15,2,2,1,221,5,Lost Customers
CUST0530,124,4,50774.1,4,4,5,445,13,Champions
CUST0531,686,2,2447.0,1,2,1,121,4,Lost Customers
CUST0533,302,1,588.8,3,1,1,311,5,New Customers
CUST0534,123,5,40722.95,4,4,4,444,12,Champions
CUST0535,225,6,10044.2,3,5,3,353,11,Potential Loyalists
CUST0536,481,1,549.0,2,1,1,211,4,Lost Customers
CUST0537,397,2,3577.05,2,2,1,221,5,Lost Customers
CUST0538,1129,1,41399.1,1,1,4,114,6,Needs Attention
CUST0539,104,7,11903.55,5,5,3,553,13,Potential Loyalists
CUST0540,105,6,60171.3,5,5,5,555,15,Champions
CUST0541,328,6,49681.6,2,5,5,255,12,At Risk
CUST0542,584,3,34154.7,1,3,4,134,8,At Risk
CUST0543,355,5,20375.1,2,4,4,244,10,At Risk
CUST0544,244,7,34115.55,3,5,4,354,12,Loyal Customers
CUST0545,526,2,3542.25,1,2,1,121,4,Lost Customers
CUST0546,260,3,22307.35,3,3,4,334,10,Loyal Customers
CUST0547,307,6,60037.7,2,5,5,255,12,At Risk
CUST0548,1080,1,1647.0,1,1,1,111,3,Lost Customers
CUST0549,401,3,25727.95,2,3,4,234,9,At Risk
CUST0550,93,5,17767.7,5,4,3,543,12,Potential Loyalists
CUST0551,447,3,19186.25,2,3,3,233,8,At Risk
CUST0552,165,5,70747.1,4,4,5,445,13,Champions
CUST0553,488,2,5896.0,1,2,2,122,5,Lost Customers
CUST0554,88,2,8020.5,5,2,2,522,9,Recent Customers
CUST0556,547,3,46498.7,1,3,4,134,8,At Risk
CUST0557,130,4,6176.3,4,4,2,442,10,Potential Loyalists
CUST0558,252,6,11775.25,3,5,3,353,11,Potential Loyalists
CUST0559,95,8,302404.2,5,5,5,555,15,Champions
CUST0560,158,7,120049.9,4,5,5,455,14,Champions
CUST0561,464,3,64079.8,2,3,5,235,10,At Risk
CUST0562,98,6,39765.95,5,5,4,554,14,Champions
CUST0563,414,2,19332.0,2,2,3,223,7,Needs Attention
CUST0564,182,7,9996.6,3,5,3,353,11,Potential Loyalists
CUST0565,406,5,29329.65,2,4,4,244,10,At Risk
CUST0566,650,2,2698.0,1,2,1,121,4,Lost Customers
CUST0567,83,3,117935.0,5,3,5,535,13,Loyal Customers
CUST0568,325,2,2827.2,2,2,1,221,5,Lost Customers
CUST0569,465,4,9578.3,2,4,3,243,9,At Risk
CUST0570,496,3,50749.05,1,3,5,135,9,At Risk
CUST0572,749,2,4641.7,1,2,2,122,5,Lost Customers
CUST0573,103,3,2944.0,5,3,1,531,9,Potential Loyalists
CUST0574,189,3,41742.4,3,3,4,334,10,Loyal Customers
CUST0575,383,2,43393.0,2,2,4,224,8,Needs Attention
CUST0576,156,6,60132.1,4,5,5,455,14,Champions
CUST0577,121,8,22688.15,4,5,4,454,13,Champions
CUST0578,588,3,3882.6,1,3,1,131,5,Needs Attention
CUST0579,490,3,51363.75,1,3,5,135,9,At Risk
CUST0580,689,3,4083.05,1,3,1,131,5,Needs Attention
CUST0581,266,5,103901.35,3,4,5,345,12,Loyal Customers
CUST0582,126,2,9266.7,4,2,3,423,9,Recent Customers
CUST0583,404,4,41555.3,2,4,4,244,10,At Risk
CUST0584,134,3,51553.5,4,3,5,435,12,Loyal Customers
CUST0585,480,6,157669.45,2,5,5,255,12,At Risk
CUST0586,132,6,24251.3,4,5,4,454,13,Champions
CUST0587,846,2,3888.35,1,2,1,121,4,Lost Customers
CUST0588,89,3,7832.45,5,3,2,532,10,Potential Loyalists
CUST0589,165,4,12214.0,4,4,3,443,11,Potential Loyalists
CUST0590,186,4,14093.65,3,4,3,343,10,Potential Loyalists
CUST0591,91,2,43836.5,5,2,4,524,11,Recent Customers
CUST0592,150,7,54316.4,4,5,5,455,14,Champions
CUST0593,485,4,8928.15,1,4,3,143,8,At Risk
CUST0594,183,3,6966.05,3,3,2,332,8,Potential Loyalists
CUST0595,306,3,8303.1,2,3,2,232,7,Needs Attention
CUST0596,176,5,86827.5,3,4,5,345,12,Loyal Customers
CUST0597,264,7,20583.15,3,5,4,354,12,Loyal Customers
CUST0598,137,3,12117.95,4,3,3,433,10,Potential Loyalists
CUST0599,538,3,2895.0,1,3,1,131,5,Needs Attention
CUST0600,814,1,6790.5,1,1,2,112,4,Lost Customers
CUST0601,306,2,4167.6,2,2,2,222,6,Lost Customers
CUST0602,460,2,2747.1,2,2,1,221,5,Lost Customers
CUST0603,472,4,5720.25,2,4,2,242,8,Needs Attention
CUST0604,479,2,9768.4,2,2,3,223,7,Needs Attention
CUST0605,107,5,20330.5,5,4,4,544,13,Champions
CUST0606,131,4,6672.1,4,4,2,442,10,Potential Loyalists
CUST0607,720,3,12815.4,1,3,3,133,7,At Risk
CUST0608,86,4,42335.1,5,4,4,544,13,Champions
CUST0609,324,4,42716.3,2,4,4,244,10,At Risk
CUST0610,90,3,24548.5,5,3,4,534,12,Loyal Customers
CUST0611,611,5,17189.95,1,4,3,143,8,At Risk
CUST0612,121,4,2705.75,4,4,1,441,9,Potential Loyalists
CUST0613,346,3,11282.95,2,3,3,233,8,At Risk
CUST0614,467,3,142992.0,2,3,5,235,10,At Risk
CUST0615,81,2,2498.0,5,2,1,521,8,Recent Customers
CUST0616,137,4,4284.45,4,4,2,442,10,Potential Loyalists
CUST0617,447,4,23306.05,2,4,4,244,10,At Risk
CUST0618,316,8,69226.0,2,5,5,255,12,At Risk
CUST0619,91,6,60104.75,5,5,5,555,15,Champions
CUST0620,141,2,7429.4,4,2,2,422,8,Recent Customers
CUST0621,270,5,4405.4,3,4,2,342,9,Potential Loyalists
CUST0622,157,4,15714.7,4,4,3,443,11,Potential Loyalists
CUST0623,183,3,9696.05,3,3,3,333,9,Potential Loyalists
CUST0624,542,1,33573.3,1,1,4,114,6,Needs Attention
CUST0625,145,5,47734.2,4,4,5,445,13,Champions
CUST0626,258,6,20609.4,3,5,4,354,12,Loyal Customers
CUST0627,513,4,105745.2,1,4,5,145,10,At Risk
CUST0628,107,5,11819.7,5,4,3,543,12,Potential Loyalists
CUST0629,137,5,47089.5,4,4,5,445,13,Champions
CUST0630,340,3,38594.65,2,3,4,234,9,At Risk
CUST0631,187,8,14433.55,3,5,3,353,11,Potential Loyalists
CUST0632,375,8,64563.25,2,5,5,255,12,At Risk
CUST0633,497,4,8494.1,1,4,2,142,7,Needs Attention
CUST0634,244,2,30539.4,3,2,4,324,9,Promising
CUST0635,94,4,42842.25,5,4,4,544,13,Champions
CUST0636,91,3,13378.15,5,3,3,533,11,Potential Loyalists
CUST0637,152,11,68917.45,4,5,5,455,14,Champions
CUST0638,544,4,10531.0,1,4,3,143,8,At Risk
CUST0639,145,5,49157.1,4,5,5,455,14,Champions
CUST0640,114,2,1496.3,5,2,1,521,8,Recent Customers
CUST0641,460,6,18823.1,2,5,3,253,10,At Risk
CUST0642,345,1,3988.1,2,1,1,211,4,Lost Customers
CUST0643,126,6,57031.5,4,5,5,455,14,Champions
CUST0644,104,3,54630.55,5,3,5,535,13,Loyal Customers
CUST0645,81,5,13463.2,5,5,3,553,13,Potential Loyalists
CUST0646,131,4,43578.3,4,4,4,444,12,Champions
CUST0647,119,5,100834.4,4,5,5,455,14,Champions
CUST0648,144,3,4440.3,4,3,2,432,9,Potential Loyalists
CUST0649,498,5,6840.2,1,5,2,152,8,Needs Attention
CUST0650,121,6,10385.35,4,5,3,453,12,Potential Loyalists
CUST0651,485,2,3557.95,1,2,1,121,4,Lost Customers
CUST0652,224,4,6335.1,3,4,2,342,9,Potential Loyalists
CUST0653,127,2,1597.0,4,2,1,421,7,Recent Customers
CUST0654,90,5,8742.35,5,5,2,552,12,Potential Loyalists
CUST0655,171,5,26350.15,3,5,4,354,12,Loyal Customers
CUST0656,517,4,8920.55,1,4,3,143,8,At Risk
CUST0657,851,3,5256.2,1,3,2,132,6,Needs Attention
CUST0658,266,3,1792.4,3,3,1,331,7,Potential Loyalists
CUST0659,115,6,58464.55,5,5,5,555,15,Champions
CUST0660,82,6,79168.05,5,5,5,555,15,Champions
CUST0661,117,5,144872.55,5,5,5,555,15,Champions
CUST0662,475,3,49513.2,2,3,5,235,10,At Risk
CUST0663,145,4,6674.1,4,4,2,442,10,Potential Loyalists
CUST0664,524,3,35259.35,1,3,4,134,8,At Risk
CUST0665,248,5,6730.25,3,5,2,352,10,Potential Loyalists
CUST0666,80,6,31547.65,5,5,4,554,14,Champions
CUST0667,173,6,145608.2,3,5,5,355,13,Loyal Customers
CUST0668,498,3,3207.1,1,3,1,131,5,Needs Attention
CUST0669,151,4,4375.1,4,4,2,442,10,Potential Loyalists
CUST0670,135,3,3023.0,4,3,1,431,8,Potential Loyalists
CUST0671,555,6,5597.45,1,5,2,152,8,Needs Attention
CUST0672,331,3,12575.55,2,3,3,233,8,At Risk
CUST0673,82,5,22752.55,5,5,4,554,14,Champions
CUST0674,713,1,60413.35,1,1,5,115,7,Needs Attention
CUST0675,490,2,2896.3,1,2,1,121,4,Lost Customers
CUST0676,212,3,4513.05,3,3,2,332,8,Potential Loyalists
CUST0677,117,2,9192.0,5,2,3,523,10,Recent Customers
CUST0678,80,6,66860.05,5,5,5,555,15,Champions
CUST0679,518,4,6258.35,1,4,2,142,7,Needs Attention
CUST0680,185,6,14569.4,3,5,3,353,11,Potential Loyalists
CUST0681,211,2,7995.0,3,2,2,322,7,New Customers
CUST0682,104,4,3857.55,5,4,1,541,10,Potential Loyalists
CUST0683,304,4,13957.7,3,4,3,343,10,Potential Loyalists
CUST0686,198,2,7393.0,3,2,2,322,7,New Customers
CUST0687,406,4,9329.1,2,4,3,243,9,At Risk
CUST0688,119,5,20940.4,4,5,4,454,13,Champions
CUST0689,208,5,43094.45,3,5,4,354,12,Loyal Customers
CUST0690,134,7,7554.5,4,5,2,452,11,Potential Loyalists
CUST0691,129,5,196097.15,4,5,5,455,14,Champions
CUST0692,151,9,122042.95,4,5,5,455,14,Champions
CUST0693,217,4,8431.65,3,4,2,342,9,Potential Loyalists
CUST0694,119,2,2716.6,4,2,1,421,7,Recent Customers
CUST0695,1108,1,2199.0,1,1,1,111,3,Lost Customers
CUST0696,522,4,21049.05,1,4,4,144,9,At Risk
CUST0697,96,3,5078.5,5,3,2,532,10,Potential Loyalists
CUST0699,620,1,299.0,1,1,1,111,3,Lost Customers
CUST0700,121,2,4547.0,4,2,2,422,8,Recent Customers
CUST0701,180,2,1301.35,3,2,1,321,6,New Customers
CUST0702,161,2,3764.65,4,2,1,421,7,Recent Customers
CUST0703,155,7,179151.2,4,5,5,455,14,Champions
CUST0704,333,7,13089.85,2,5,3,253,10,At Risk
CUST0705,174,5,11657.9,3,5,3,353,11,Potential Loyalists
CUST0706,167,2,2616.35,4,2,1,421,7,Recent Customers
CUST0707,709,1,449.1,1,1,1,111,3,Lost Customers
CUST0708,82,5,5793.1,5,5,2,552,12,Potential Loyalists
CUST0709,99,4,23653.1,5,4,4,544,13,Champions
CUST0710,87,4,5869.1,5,4,2,542,11,Potential Loyalists
CUST0711,592,1,1374.65,1,1,1,111,3,Lost Customers
CUST0712,890,2,5896.0,1,2,2,122,5,Lost Customers
CUST0713,453,3,44002.5,2,3,4,234,9,At Risk
CUST0714,173,5,25977.3,3,5,4,354,12,Loyal Customers
CUST0715,221,3,6194.0,3,3,2,332,8,Potential Loyalists
CUST0716,163,4,3404.35,4,4,1,441,9,Potential Loyalists
CUST0717,132,6,52498.5,4,5,5,455,14,Champions
CUST0718,141,3,8994.2,4,3,3,433,10,Potential Loyalists
CUST0719,861,1,179.0,1,1,1,111,3,Lost Customers
CUST0720,86,4,54104.55,5,4,5,545,14,Champions
CUST0721,236,4,11620.1,3,4,3,343,10,Potential Loyalists
CUST0722,154,6,27002.3,4,5,4,454,13,Champions
CUST0723,224,5,8602.3,3,5,2,352,10,Potential Loyalists
CUST0724,433,4,4493.2,2,4,2,242,8,Needs Attention
CUST0725,82,2,1742.2,5,2,1,521,8,Recent Customers
CUST0726,93,2,7363.05,5,2,2,522,9,Recent Customers
CUST0727,636,2,1712.1,1,2,1,121,4,Lost Customers
CUST0728,134,2,17537.25,4,2,3,423,9,Recent Customers
CUST0729,488,2,18281.55,1,2,3,123,6,Needs Attention
CUST0730,364,3,6443.0,2,3,2,232,7,Needs Attention
CUST0731,189,5,51150.8,3,5,5,355,13,Loyal Customers
CUST0732,185,2,4577.4,3,2,2,322,7,New Customers
CUST0733,234,5,37083.4,3,5,4,354,12,Loyal Customers
CUST0734,252,4,59398.7,3,4,5,345,12,Loyal Customers
CUST0735,519,4,8165.1,1,4,2,142,7,Needs Attention
CUST0736,321,4,84034.7,2,4,5,245,11,At Risk
CUST0737,327,2,3679.4,2,2,1,221,5,Lost Customers
CUST0738,326,2,3608.1,2,2,1,221,5,Lost Customers
CUST0739,772,1,331.55,1,1,1,111,3,Lost Customers
CUST0740,388,2,8231.1,2,2,2,222,6,Lost Customers
CUST0741,89,6,116436.15,5,5,5,555,15,Champions
CUST0742,168,2,3078.3,4,2,1,421,7,Recent Customers
CUST0743,790,1,1424.05,1,1,1,111,3,Lost Customers
CUST0744,460,2,4046.0,2,2,1,221,5,Lost Customers
CUST0745,151,4,80305.85,4,4,5,445,13,Champions
CUST0747,245,4,8891.65,3,4,3,343,10,Potential Loyalists
CUST0748,141,4,27993.15,4,4,4,444,12,Champions
CUST0749,91,5,100320.35,5,5,5,555,15,Champions
CUST0750,118,5,10861.85,4,5,3,453,12,Potential Loyalists
CUST0751,217,2,10086.95,3,2,3,323,8,Needs Attention
CUST0752,446,3,4662.2,2,3,2,232,7,Needs Attention
CUST0753,92,5,12978.45,5,5,3,553,13,Potential Loyalists
CUST0754,96,2,837.45,5,2,1,521,8,Recent Customers
CUST0755,515,2,8445.8,1,2,2,122,5,Lost Customers
CUST0756,458,4,8774.35,2,4,3,243,9,At Risk
CUST0757,468,1,4935.25,2,1,2,212,5,Lost Customers
CUST0758,192,3,7570.2,3,3,2,332,8,Potential Loyalists
CUST0759,143,2,3298.1,4,2,1,421,7,Recent Customers
CUST0760,294,2,1583.05,3,2,1,321,6,New Customers
CUST0761,85,3,51820.35,5,3,5,535,13,Loyal Customers
CUST0762,114,5,11239.6,5,5,3,553,13,Potential Loyalists
CUST0763,533,3,5055.3,1,3,2,132,6,Needs Attention
CUST0764,124,6,28007.75,4,5,4,454,13,Champions
CUST0765,449,6,27782.9,2,5,4,254,11,At Risk
CUST0766,146,2,42607.1,4,2,4,424,10,Recent Customers
CUST0767,188,7,80717.3,3,5,5,355,13,Loyal Customers
CUST0768,1031,1,927.0,1,1,1,111,3,Lost Customers
CUST0769,87,3,9665.3,5,3,3,533,11,Potential Loyalists
CUST0770,316,2,5330.55,2,2,2,222,6,Lost Customers
CUST0771,117,3,6694.7,5,3,2,532,10,Potential Loyalists
CUST0772,308,1,1825.8,2,1,1,211,4,Lost Customers
CUST0773,369,1,1697.0,2,1,1,211,4,Lost Customers
CUST0774,119,1,379.05,4,1,1,411,6,Recent Customers
CUST0775,690,3,51144.5,1,3,5,135,9,At Risk
CUST0776,450,2,22284.0,2,2,4,224,8,Needs Attention
CUST0777,255,3,2512.45,3,3,1,331,7,Potential Loyalists
CUST0778,90,4,21713.4,5,4,4,544,13,Champions
CUST0779,134,7,23900.05,4,5,4,454,13,Champions
CUST0780,459,4,10736.35,2,4,3,243,9,At Risk
CUST0781,103,3,5799.4,5,3,2,532,10,Potential Loyalists
CUST0782,168,5,23894.0,4,5,4,454,13,Champions
CUST0783,515,5,99974.7,1,5,5,155,11,At Risk
CUST0784,950,1,2697.0,1,1,1,111,3,Lost Customers
CUST0785,151,6,30365.35,4,5,4,454,13,Champions
CUST0786,430,4,40739.15,2,4,4,244,10,At Risk
CUST0787,84,6,49641.35,5,5,5,555,15,Champions
CUST0788,155,2,2877.1,4,2,1,421,7,Recent Customers
CUST0789,391,3,7020.2,2,3,2,232,7,Needs Attention
CUST0790,461,2,5390.0,2,2,2,222,6,Lost Customers
CUST0791,267,4,47939.6,3,4,5,345,12,Loyal Customers
CUST0792,80,5,45501.7,5,5,4,554,14,Champions
CUST0793,88,2,1797.55,5,2,1,521,8,Recent Customers
CUST0794,160,6,14201.05,4,5,3,453,12,Potential Loyalists
CUST0795,453,2,884.55,2,2,1,221,5,Lost Customers
CUST0796,227,3,6658.45,3,3,2,332,8,Potential Loyalists
CUST0797,91,2,853.1,5,2,1,521,8,Recent Customers
CUST0798,457,2,29348.2,2,2,4,224,8,Needs Attention
CUST0799,110,1,3798.1,5,1,1,511,7,Recent Customers
CUST0800,229,4,71483.6,3,4,5,345,12,Loyal Customers
CUST0801,428,1,12999.0,2,1,3,213,6,Needs Attention
CUST0802,133,5,75262.2,4,5,5,455,14,Champions
CUST0803,403,5,41891.4,2,5,4,254,11,At Risk
CUST0804,237,2,13387.4,3,2,3,323,8,Needs Attention
CUST0805,115,6,9986.0,5,5,3,553,13,Potential Loyalists
CUST0806,115,6,77294.25,5,5,5,555,15,Champions
CUST0807,89,4,48878.4,5,4,5,545,14,Champions
CUST0808,97,5,33742.9,5,5,4,554,14,Champions
CUST0809,745,2,961.15,1,2,1,121,4,Lost Customers
CUST0810,955,1,13108.1,1,1,3,113,5,Needs Attention
CUST0811,150,4,120763.2,4,4,5,445,13,Champions
CUST0812,331,3,8657.7,2,3,2,232,7,Needs Attention
CUST0813,300,3,34949.6,3,3,4,334,10,Loyal Customers
CUST0814,369,3,5673.4,2,3,2,232,7,Needs Attention
CUST0815,116,4,73868.65,5,4,5,545,14,Champions
CUST0816,133,5,8190.7,4,5,2,452,11,Potential Loyalists
CUST0817,523,4,42293.25,1,4,4,144,9,At Risk
CUST0818,252,1,1279.2,3,1,1,311,5,New Customers
CUST0819,149,2,20738.15,4,2,4,424,10,Recent Customers
CUST0820,104,7,17830.9,5,5,3,553,13,Potential Loyalists
CUST0821,160,4,4579.65,4,4,2,442,10,Potential Loyalists
CUST0822,133,3,39955.5,4,3,4,434,11,Loyal Customers
CUST0823,541,1,615.6,1,1,1,111,3,Lost Customers
CUST0824,715,1,3348.0,1,1,1,111,3,Lost Customers
CUST0825,112,5,9151.0,5,5,3,553,13,Potential Loyalists
CUST0826,345,3,8843.2,2,3,3,233,8,At Risk
CUST0827,518,3,22614.2,1,3,4,134,8,At Risk
CUST0828,151,5,99193.1,4,5,5,455,14,Champions
CUST0829,134,4,48067.45,4,4,5,445,13,Champions
CUST0830,121,2,3797.0,4,2,1,421,7,Recent Customers
CUST0831,466,5,84173.05,2,5,5,255,12,At Risk
CUST0832,469,2,9401.4,2,2,3,223,7,Needs Attention
CUST0833,141,5,28879.5,4,5,4,454,13,Champions
CUST0834,164,2,4177.05,4,2,2,422,8,Recent Customers
CUST0835,382,4,34417.2,2,4,4,244,10,At Risk
CUST0836,146,5,5249.75,4,5,2,452,11,Potential Loyalists
CUST0837,324,5,83938.35,2,5,5,255,12,At Risk
CUST0838,94,2,588.05,5,2,1,521,8,Recent Customers
CUST0839,454,2,2246.0,2,2,1,221,5,Lost Customers
CUST0840,198,7,55802.65,3,5,5,355,13,Loyal Customers
CUST0841,220,4,14449.05,3,4,3,343,10,Potential Loyalists
CUST0842,152,4,6496.3,4,4,2,442,10,Potential Loyalists
CUST0843,126,4,50300.3,4,4,5,445,13,Champions
CUST0844,145,4,6584.5,4,4,2,442,10,Potential Loyalists
CUST0845,343,4,16138.95,2,4,3,243,9,At Risk
CUST0846,205,6,81947.2,3,5,5,355,13,Loyal Customers
CUST0847,117,5,75415.15,5,5,5,555,15,Champions
CUST0848,488,2,67656.6,1,2,5,125,8,Needs Attention
CUST0849,168,4,13778.35,4,4,3,443,11,Potential Loyalists
CUST0850,373,2,4895.3,2,2,2,222,6,Lost Customers
CUST0851,92,4,61238.5,5,4,5,545,14,Champions
CUST0853,130,6,62592.55,4,5,5,455,14,Champions
CUST0854,146,4,41177.75,4,4,4,444,12,Champions
CUST0855,146,3,49441.05,4,3,5,435,12,Loyal Customers
CUST0856,209,6,117699.9,3,5,5,355,13,Loyal Customers
CUST0857,123,1,1564.65,4,1,1,411,6,Recent Customers
CUST0858,212,1,499.0,3,1,1,311,5,New Customers
CUST0859,251,5,36621.75,3,5,4,354,12,Loyal Customers
CUST0860,189,3,11442.15,3,3,3,333,9,Potential Loyalists
CUST0861,211,7,44834.4,3,5,4,354,12,Loyal Customers
CUST0862,279,6,53476.5,3,5,5,355,13,Loyal Customers
CUST0863,309,3,12548.8,2,3,3,233,8,At Risk
CUST0864,137,4,10708.75,4,4,3,443,11,Potential Loyalists
CUST0865,87,3,2645.85,5,3,1,531,9,Potential Loyalists
CUST0866,602,3,3553.05,1,3,1,131,5,Needs Attention
CUST0867,419,3,20231.0,2,3,4,234,9,At Risk
CUST0868,88,4,11105.65,5,4,3,543,12,Potential Loyalists
CUST0869,81,1,6206.4,5,1,2,512,8,Recent Customers
CUST0870,288,3,1437.05,3,3,1,331,7,Potential Loyalists
CUST0871,471,7,12028.5,2,5,3,253,10,At Risk
CUST0872,480,3,48272.55,2,3,5,235,10,At Risk
CUST0873,83,5,15956.6,5,5,3,553,13,Potential Loyalists
CUST0874,297,3,81681.55,3,3,5,335,11,Loyal Customers
CUST0875,419,3,4264.4,2,3,2,232,7,Needs Attention
CUST0876,107,4,45039.05,5,4,4,544,13,Champions
CUST0877,251,4,5811.1,3,4,2,342,9,Potential Loyalists
CUST0878,326,4,42272.75,2,4,4,244,10,At Risk
CUST0879,157,4,8946.25,4,4,3,443,11,Potential Loyalists
CUST0880,472,7,157170.3,2,5,5,255,12,At Risk
CUST0881,137,5,54912.75,4,5,5,455,14,Champions
CUST0882,267,3,7628.7,3,3,2,332,8,Potential Loyalists
CUST0883,481,1,379.05,2,1,1,211,4,Lost Customers
CUST0884,468,1,293.25,2,1,1,211,4,Lost Customers
CUST0885,482,3,34189.15,1,3,4,134,8,At Risk
CUST0886,111,5,5315.1,5,5,2,552,12,Potential Loyalists
CUST0887,528,3,6649.25,1,3,2,132,6,Needs Attention
CUST0889,346,3,133754.35,2,3,5,235,10,At Risk
CUST0890,113,5,53790.75,5,5,5,555,15,Champions
CUST0891,460,3,3694.0,2,3,1,231,6,Needs Attention
CUST0892,362,4,3784.4,2,4,1,241,7,Needs Attention
CUST0893,644,2,1718.05,1,2,1,121,4,Lost Customers
CUST0894,843,1,638.4,1,1,1,111,3,Lost Customers
CUST0895,579,2,34995.0,1,2,4,124,7,Needs Attention
CUST0896,579,6,15678.6,1,5,3,153,9,At Risk
CUST0897,523,2,98543.0,1,2,5,125,8,Needs Attention
CUST0898,131,3,16271.65,4,3,3,433,10,Potential Loyalists
CUST0899,226,4,19337.4,3,4,3,343,10,Potential Loyalists
CUST0900,112,3,20124.1,5,3,4,534,12,Loyal Customers
CUST0901,242,3,7594.05,3,3,2,332,8,Potential Loyalists
CUST0902,464,3,51582.25,2,3,5,235,10,At Risk
CUST0903,361,6,22824.65,2,5,4,254,11,At Risk
CUST0904,117,5,17484.5,5,5,3,553,13,Potential Loyalists
CUST0905,124,4,13847.2,4,4,3,443,11,Potential Loyalists
CUST0906,1069,1,189.05,1,1,1,111,3,Lost Customers
CUST0907,604,4,47639.75,1,4,5,145,10,At Risk
CUST0908,415,6,77765.15,2,5,5,255,12,At Risk
CUST0909,567,2,3527.0,1,2,1,121,4,Lost Customers
CUST0910,521,4,5718.0,1,4,2,142,7,Needs Attention
CUST0911,1006,1,6296.4,1,1,2,112,4,Lost Customers
CUST0912,136,3,5583.4,4,3,2,432,9,Potential Loyalists
CUST0913,273,6,11306.1,3,5,3,353,11,Potential Loyalists
CUST0914,290,4,20080.05,3,4,4,344,11,Loyal Customers
CUST0915,732,2,4792.5,1,2,2,122,5,Lost Customers
CUST0916,215,4,82024.5,3,4,5,345,12,Loyal Customers
CUST0917,86,2,6926.25,5,2,2,522,9,Recent Customers
CUST0918,286,7,32783.4,3,5,4,354,12,Loyal Customers
CUST0919,427,2,2596.0,2,2,1,221,5,Lost Customers
CUST0920,178,4,63591.7,3,4,5,345,12,Loyal Customers
CUST0921,480,3,17458.45,2,3,3,233,8,At Risk
CUST0922,511,2,5798.55,1,2,2,122,5,Lost Customers
CUST0923,189,5,33714.1,3,5,4,354,12,Loyal Customers
CUST0924,265,3,26629.3,3,3,4,334,10,Loyal Customers
CUST0925,420,4,9000.3,2,4,3,243,9,At Risk
CUST0926,516,2,7930.1,1,2,2,122,5,Lost Customers
CUST0927,491,3,4214.1,1,3,2,132,6,Needs Attention
CUST0928,404,4,7218.0,2,4,2,242,8,Needs Attention
CUST0929,580,3,11507.5,1,3,3,133,7,At Risk
CUST0930,461,3,41878.4,2,3,4,234,9,At Risk
CUST0931,574,2,19909.2,1,2,4,124,7,Needs Attention
CUST0932,0,9,21306.1,5,5,4,554,14,Champions
CUST0933,583,4,56347.6,1,4,5,145,10,At Risk
CUST0934,309,1,384.0,2,1,1,211,4,Lost Customers
CUST0935,502,3,24396.6,1,3,4,134,8,At Risk
CUST0936,508,4,7997.3,1,4,2,142,7,Needs Attention
CUST0937,95,2,3654.65,5,2,1,521,8,Recent Customers
CUST0938,376,3,4839.3,2,3,2,232,7,Needs Attention
CUST0939,221,3,13141.3,3,3,3,333,9,Potential Loyalists
CUST0941,130,2,3153.15,4,2,1,421,7,Recent Customers
CUST0942,219,1,4063.15,3,1,1,311,5,New Customers
CUST0943,118,3,7207.55,4,3,2,432,9,Potential Loyalists
CUST0944,120,3,8516.2,4,3,2,432,9,Potential Loyalists
CUST0945,336,4,36622.05,2,4,4,244,10,At Risk
CUST0946,180,7,31461.6,3,5,4,354,12,Loyal Customers
CUST0947,160,4,72213.75,4,4,5,445,13,Champions
CUST0948,126,2,3476.0,4,2,1,421,7,Recent Customers
CUST0949,131,3,4371.9,4,3,2,432,9,Potential Loyalists
CUST0950,157,4,10890.0,4,4,3,443,11,Potential Loyalists
CUST0951,589,1,1299.0,1,1,1,111,3,Lost Customers
CUST0952,480,6,33273.8,2,5,4,254,11,At Risk
CUST0953,447,4,27396.7,2,4,4,244,10,At Risk
CUST0954,450,5,8987.1,2,5,3,253,10,At Risk
CUST0955,545,2,7079.2,1,2,2,122,5,Lost Customers
CUST0956,377,2,5115.1,2,2,2,222,6,Lost Customers
CUST0957,521,3,5148.2,1,3,2,132,6,Needs Attention
CUST0958,568,3,8319.45,1,3,2,132,6,Needs Attention
CUST0959,84,2,1297.0,5,2,1,521,8,Recent Customers
CUST0960,549,4,46058.6,1,4,4,144,9,At Risk
CUST0961,162,3,6444.0,4,3,2,432,9,Potential Loyalists
CUST0962,439,3,87226.6,2,3,5,235,10,At Risk
CUST0963,91,3,14303.2,5,3,3,533,11,Potential Loyalists
CUST0964,187,4,22203.4,3,4,4,344,11,Loyal Customers
CUST0965,95,7,65454.5,5,5,5,555,15,Champions
CUST0966,387,5,11224.5,2,5,3,253,10,At Risk
CUST0967,142,4,53883.1,4,4,5,445,13,Champions
CUST0968,583,2,20818.2,1,2,4,124,7,Needs Attention
CUST0969,276,5,39765.35,3,5,4,354,12,Loyal Customers
CUST0970,490,2,130263.15,1,2,5,125,8,Needs Attention
CUST0971,224,4,27796.05,3,4,4,344,11,Loyal Customers
CUST0972,638,1,14625.0,1,1,3,113,5,Needs Attention
CUST0973,81,7,128956.25,5,5,5,555,15,Champions
CUST0974,380,4,111447.65,2,4,5,245,11,At Risk
CUST0975,661,4,121171.25,1,4,5,145,10,At Risk
CUST0976,114,4,6345.05,5,4,2,542,11,Potential Loyalists
CUST0977,0,3,24691.0,5,3,4,534,12,Loyal Customers
CUST0978,95,3,134493.4,5,3,5,535,13,Loyal Customers
CUST0979,609,1,112665.25,1,1,5,115,7,Needs Attention
CUST0980,884,2,8304.25,1,2,2,122,5,Lost Customers
CUST0981,112,6,12071.6,5,5,3,553,13,Potential Loyalists
CUST0982,525,2,7412.6,1,2,2,122,5,Lost Customers
CUST0983,940,1,22896.0,1,1,4,114,6,Needs Attention
CUST0984,80,3,4629.8,5,3,2,532,10,Potential Loyalists
CUST0985,634,2,5395.1,1,2,2,122,5,Lost Customers
CUST0986,173,5,87447.45,3,5,5,355,13,Loyal Customers
CUST0987,222,2,90503.65,3,2,5,325,10,Promising
CUST0988,607,2,24164.7,1,2,4,124,7,Needs Attention
CUST0989,296,7,40753.4,3,5,4,354,12,Loyal Customers
CUST0990,85,5,7741.5,5,5,2,552,12,Potential Loyalists
CUST0991,90,5,19215.55,5,5,3,553,13,Potential Loyalists
CUST0992,91,6,61721.6,5,5,5,555,15,Champions
CUST0993,300,4,6580.35,3,4,2,342,9,Potential Loyalists
CUST0994,785,1,378.1,1,1,1,111,3,Lost Customers
CUST0995,221,3,17166.75,3,3,3,333,9,Potential Loyalists
CUST0996,90,5,26793.6,5,5,4,554,14,Champions
CUST0997,98,3,22162.3,5,3,4,534,12,Loyal Customers
CUST0998,117,7,59214.4,5,5,5,555,15,Champions
CUST0999,609,4,56933.15,1,4,5,145,10,At Risk
CUST1000,257,6,77107.5,3,5,5,355,13,Loyal Customers
